Название,Цена,Ссылка
Диван Льери Мини Velvet Light,64 990руб.,https://www.divan.ru/kursk/product/divan-leri-mini-velvet-light
Диван Нумо Velvet Yellow,36 990руб.,https://www.divan.ru/kursk/product/divan-numo-velvet-yellow
Диван Тут Рядом Дом Серо-графитовый,72 990руб.,https://www.divan.ru/kursk/product/divan-tut-ryadom-dom-sero-grafitovyj
Диван угловой Ройн Мини Velvet Olive,39 990руб.,https://www.divan.ru/kursk/product/divan-uglovoj-rojn-mini-velvet-olive
Диван угловой Эби-1 Velvet Coral,72 990руб.,https://www.divan.ru/kursk/product/divan-uglovoj-ebi-1-velvet-coral
Диван Бруквиль Velvet Blue,49 990руб.,https://www.divan.ru/kursk/product/divan-brukvil-velvet-blue
Диван Тут Рядом Космос Светло-Бежевый,109 990руб.,https://www.divan.ru/kursk/product/divan-tut-ryadom-kosmos-svetlo-bejevyj
Диван Линс Velvet Navy Blue,32 990руб.,https://www.divan.ru/kursk/product/divan-lins-velvet-navy-blue
Диван Нумо Мини Textile Yellow,24 990руб.,https://www.divan.ru/kursk/product/divan-numo-mini-textile-yellow
Диван Байма Velvet Grey,69 990руб.,https://www.divan.ru/kursk/product/divan-bajma-velvet-grey
Кресло Тут Рядом Дом Сине-бежевый,50 990руб.,https://www.divan.ru/kursk/product/kreslo-tut-ryadom-dom-sine-bejevyj
Диван угловой Беллер Textile Yellow,40 990руб.,https://www.divan.ru/kursk/product/divan-uglovoj-beller-textile-yellow
Кресло Бенел Cozy Ivory,33 990руб.,https://www.divan.ru/kursk/product/kreslo-benel-cozy-ivory
Диван Нумо Velvet Grafit,36 990руб.,https://www.divan.ru/kursk/product/divan-numo-velvet-grafit
Пуф Тут Рядом Дом Серо-графитовый,15 990руб.,https://www.divan.ru/kursk/product/puf-tut-ryadom-dom-sero-grafitovyj
Диван Сваут Velvet Grey,64 990руб.,https://www.divan.ru/kursk/product/divan-svaut-velvet-grey
Пуф Дадли Velvet Ocean,3490руб.,https://www.divan.ru/kursk/product/puf-dadli-velvet-ocean
Диван Линс Velvet Grafit,32 990руб.,https://www.divan.ru/kursk/product/divan-lins-velvet-grafit
Диван Рейли Velvet Coral,30 990руб.,https://www.divan.ru/kursk/product/divan-rejli-velvet-coral
Пуф Тут Рядом Красавчик Светло-бежевый,34 990руб.,https://www.divan.ru/kursk/product/puf-tut-ryadom-krasavchik-svetlo-bejevyj
Диван Коренс Happy Grey,29 990руб.,https://www.divan.ru/kursk/product/divan-korens-happy-grey
Диван угловой Шера Velvet Light,99 990руб.,https://www.divan.ru/kursk/product/divan-uglovoj-shera-velve-light
Диван Види Textile Ocean,23 990руб.,https://www.divan.ru/kursk/product/divan-vidi-textile-ocean
Пуф Тут Рядом Дом Зеленый,15 990руб.,https://www.divan.ru/kursk/product/puf-tut-ryadom-dom-zelenyj
Кресло Гета Soft Silver,30 990руб.,https://www.divan.ru/kursk/product/kreslo-geta-soft-silver
Диван угловой Нумо Velvet Yellow,46 990руб.,https://www.divan.ru/kursk/product/divan-uglovoj-numo-velvet-yellow
Диван Тут Рядом Дом Сине-бежевый,72 990руб.,https://www.divan.ru/kursk/product/divan-tut-ryadom-dom-sine-bejevyj
Диван Сваут Velvet Mustard,64 990руб.,https://www.divan.ru/kursk/product/divan-svaut-velvet-mustard
Кресло Элвит Cozy Ivory,26 990руб.,https://www.divan.ru/kursk/product/kreslo-elvit-cozy-ivory
Модульный диван Сэндж 2 Textile Yellow,58 970руб.,https://www.divan.ru/kursk/product/modulnyj-divan-sendj-2-textile-yellow
Пуф Лонди Cozy Beige,11 990руб.,https://www.divan.ru/kursk/product/puf-londi-cozy-beige
Кресло Тут Рядом Дом Розовый,50 990руб.,https://www.divan.ru/kursk/product/kreslo-tut-ryadom-dom-rozovyj
Диван Нумо Мини Textile Light,24 990руб.,https://www.divan.ru/kursk/product/divan-numo-mini-textile-light
Диван Рейли Velvet Mint,30 990руб.,https://www.divan.ru/kursk/product/divan-rejli-velvet-mint
Диван Риббл-2 Bucle Lilac,68 990руб.,https://www.divan.ru/kursk/product/divan-ribbl-2-bucle-lilac
Диван угловой Маркфул Velvet Ocean,79 990руб.,https://www.divan.ru/kursk/product/divan-uglovoj-markful-velvet-ocean
Кушетка Роби Textile Coral,18 990руб.,https://www.divan.ru/kursk/product/kushetka-robi-textile-coral
Диван угловой Нумо Velvet Grey,46 990руб.,https://www.divan.ru/kursk/product/divan-uglovoj-numo-velvet-grey
Кушетка Оренте Soft Sky,40 990руб.,https://www.divan.ru/kursk/product/kushetka-orente-soft-sky
Пуф Бане Cozy Ginger,8990руб.,https://www.divan.ru/kursk/product/puf-bane-cozy-ginger
Банкетка Аймо Textile Light,8990руб.,https://www.divan.ru/kursk/product/banketka-ajmo-textile-light
Диван Лонди Mima Pink,89 990руб.,https://www.divan.ru/kursk/product/divan-londi-mima-pink
Кресло Элвит Cozy Emerald,26 990руб.,https://www.divan.ru/kursk/product/kreslo-elvit-cozy-emerald
Кресло Тут Рядом Космос-2 Графитовый,79 990руб.,https://www.divan.ru/kursk/product/kreslo-tut-ryadom-kosmos-2-grafitovyj
Пуф Динс Velvet Yellow,7990руб.,https://www.divan.ru/kursk/product/puf-dins-velvet-yellow
Кресло Тут Рядом Космос-2 Светло-Бежевый,79 990руб.,https://www.divan.ru/kursk/product/kreslo-tut-ryadom-kosmos-2-svetlo-bejevyj
Пуф Тут Рядом Дом Синий,15 990руб.,https://www.divan.ru/kursk/product/puf-tut-ryadom-dom-sinij
Диван Байма Velvet Beige,69 990руб.,https://www.divan.ru/kursk/product/divan-bajma-velvet-beige
